,test,hw,sample,worst_frame,max_fps,avg_fps,avg_fr,1%_low,wifps_10,wifps_5,wifps_2,wifps_1,wifps_0.5
0,0.0,test1,0.0,0.0285823,185.0774034580908,154.01763729036273,151.85134225456676,112.75963121465367,117.81435904317763,113.61842101520377,111.6390179426785,108.16450795391474,106.39562229751391
1,0.0,test1,1.0,0.0294618,177.58344032958567,147.7662492161586,145.80407886910638,107.76949239158783,113.64494926014395,109.0858419298639,107.72232182229574,104.78057236261053,98.64902472527474
2,1.0,test2,0.0,0.0745562,52.77699959570095,43.75405302256142,43.16236102905276,30.075711649744385,32.037845167144425,30.259885535900118,29.559053688897745,28.49782890796567,27.506057243331806
3,1.0,test2,1.0,0.4109897,137.97219285080837,55.10365513156355,48.67094956301824,28.314441032936962,33.164045598042165,30.18298489020919,24.680710628131365,16.50461912945701,5.889784959957533
4,2.0,test3,0.0,0.0493096,98.02197789690537,81.65227574136189,80.6747415360049,60.85107036534707,63.764256538933196,61.41693850235232,60.258917898575056,58.83054610843987,52.141365432725436
